{
  "silentinstall": "True",
  "tenancy_id": "${tenancy}",
  "auth_user_id": "${user}",
  "private_key_path": "/home/opc/ociapikeys/oci_api_key.pem",
  "private_key_passphrase": "${pp_passwd}",
  "public_key_path": "/home/opc/ociapikeys/oci_api_key_public.pem",
  "home_region": "${region}",
  "api_version": "20160918",
  "db_connect_id": "people",
  "db_connect_pwd": "${db_connect_pwd}",
  "access_id": "SYSADM",
  "access_pwd": "${access_pwd}",
  "db_admin_pwd": "${db_admin_pwd}",
  "db_user": "CLADM",
  "db_user_pwd": "${db_user_pwd}",
  "db_name": "CMPSDB",
  "pia_gateway_user": "administrator",
  "pia_gateway_user_pwd": "${pia_gateway_user_pwd}",
  "webserver_admin_user": "system",
  "webserver_admin_user_pwd": "${webserver_admin_user_pwd}",
  "profile_user": "PTWEBSERVER",
  "profile_user_pwd":"${profile_user_pwd}",
  "domain_conn_pwd": "${domain_conn_pwd}",
  "pia_http_port":  "8000",
  "pia_https_port":  "8443",
  "jolt_port":  "9033",
  "wsl_port":  "7000",
  "storage_volumeid": "${storage_volumeid}"
}
