{
  "locals": {
    "vcn_obj": "${data.oci_core_virtual_networks.t.virtual_networks[0]}",
	"ad_name": "${var.ad}"
	
  }, 
  "data": {        
	"oci_core_subnet" : {
           "cm" : {
               "subnet_id" : "${oci_core_subnet.cm.id}"
           }
    },	   
    "oci_core_images": {      
     "windows": {
        "compartment_id": "${oci_identity_compartment.labCompartment.id}",
        "operating_system" : "Windows",
	    "operating_system_version" : "Server 2016 Standard"
      }
    },	  
    "oci_core_virtual_networks": {
      "t": {
        "compartment_id": "${oci_identity_compartment.labCompartment.id}",
        "filter": {
          "name": "id",
          "values": [
            "${local.vcn_ocid}"
          ]
        }
      }
    },
    "oci_identity_availability_domains": {
      "adlist": {
        "compartment_id": "${oci_identity_compartment.labCompartment.id}"
      }
    }	
  }
}
