{
  "resource": {
    "oci_identity_group": {
      "labGroup": {
	    "compartment_id": "${var.tenancy_ocid}" ,
		"name": "${local.group_name}" ,
		"description": "Lab Group"		
      }
    },
	"oci_identity_user": {
      "labUser": {
	    "compartment_id": "${var.tenancy_ocid}" ,
		"name": "${local.user_name}" ,
		"description": "Lab User"		
      }
    },
	"oci_identity_compartment": {
      "labCompartment": {
	    "compartment_id": "${var.tenancy_ocid}" ,
		"name": "${local.compartment_name}" ,
		"description": "Lab Compartment"
      }
    },
	"oci_identity_user_group_membership": {
      "labUser": {
	    "group_id": "${oci_identity_group.labGroup.id}" ,
		"user_id": "${oci_identity_user.labUser.id}"
      }
    },
	"oci_identity_policy": {
      "labPolicy": {
	    "compartment_id": "${var.tenancy_ocid}" ,
		"name": "${local.policy_name}" ,
		"description": "Lab User Policy",
		"statements" : ["Allow group ${oci_identity_group.labGroup.name} to manage all-resources in compartment ${oci_identity_compartment.labCompartment.name}",
		               "Allow group ${oci_identity_group.labGroup.name}  to read all-resources in tenancy",
					   "Allow group ${oci_identity_group.labGroup.name}  to manage App-catalog-listing in tenancy"]
      }
    },
	"oci_identity_api_key": {
      "labApiKey": {
		"user_id": "${oci_identity_user.labUser.id}",
		"key_value" : "${file(\"keys/api_key.pub\")}"
      }
    }
  },
  "locals": {
    "group_name": "CMadmins_Lab",
    "user_name": "psftadmin_Lab",
    "compartment_name": "PSFT_Lab",
    "policy_name": "policy_Lab"
  }
}