{
  "resource": {
    "oci_core_volume" : {
      "cm_volume" :{
         "availability_domain": "${local.ad_name}",
         "compartment_id": "${oci_identity_compartment.labCompartment.id}",
         "size_in_gbs": 200,
		  "timeouts": {
           "create": "30m"
          }
      }
    },
    "oci_core_instance": {
      "cmvm": {
	    "depends_on" : ["oci_core_volume.cm_volume", "oci_core_app_catalog_subscription.cm_image_subscription"],
        "provisioner": [
          {
            "remote-exec": {
              "connection": {
                "timeout": "30m",
                "user": "opc",
                "private_key": "${file(\"keys/id_rsa\")}",
                "host": "${oci_core_instance.cmvm.public_ip}",
                "agent": false
              },
              "inline": [
                "sudo -s bash -c 'chmod 777 /home/opc/bootstrap/bootstrapproperties.json'",
                "sudo -s bash -c 'mkdir -p /home/opc/ociapikeys && chmod -R 777 /home/opc/ociapikeys'"
              ]
            }
          },
          {
            "file": {
              "connection": {
                "timeout": "30m",
                "user": "opc",
                "private_key": "${file(\"keys/id_rsa\")}",
                "host": "${oci_core_instance.cmvm.public_ip}",
                "agent": false
              },
              "destination": "/home/opc/ociapikeys/oci_api_key.pem",
              "source": "keys/api_key"
            }
          },
          {
            "file": {
              "connection": {
                "timeout": "30m",
                "user": "opc",
                "private_key": "${file(\"keys/id_rsa\")}",
                "host": "${oci_core_instance.cmvm.public_ip}",
                "agent": false
              },
              "destination": "/home/opc/ociapikeys/oci_api_key_public.pem",
              "source": "keys/api_key.pub"
            }
          },
          {
            "file": {
              "connection": {
                "timeout": "30m",
                "user": "opc",
                "private_key": "${file(\"keys/id_rsa\")}",
                "host": "${oci_core_instance.cmvm.public_ip}",
                "agent": false
              },
              "destination": "/home/opc/bootstrap/bootstrapproperties.json",
              "content": "${data.template_file.bs_json.rendered}"
            }
          },
          {
            "remote-exec": {
              "connection": {
                "timeout": "30m",
                "user": "opc",
                "private_key": "${file(\"keys/id_rsa\")}",
                "host": "${oci_core_instance.cmvm.public_ip}",
                "agent": false
              },
              "inline": [
                "sudo -s bash -c 'sudo /home/opc/bootstrap/psft_cm_bootstrap.sh'"
              ]
            }
          }
        ],
        "hostname_label": "${local.cmvm_hostname}",
        "display_name": "${local.cmvm_hostname}",
        "image": "${var.cm_image_ocid}",
        "metadata": {
          "ssh_authorized_keys": "${file(\"keys/id_rsa.pub\")}"
        },
        "shape": "${var.shape_name}",
        "availability_domain": "${local.ad_name}",
        "count": 1,
        "timeouts": {
          "create": "60m"
        },
        "compartment_id": "${oci_identity_compartment.labCompartment.id}",
        "subnet_id": "${oci_core_subnet.cm.id}"
      }
    }
  },
  "output": [
   {
      "CM_http_url": {
        "value": "http://${local.fqdn}:8000"
      }
    },
	{
      "CM_https_url": {
        "value": "https://${local.fqdn}:8443"
      }
    },
    {
      "CM_private_ip": {
        "value": "${oci_core_instance.cmvm.private_ip}"
      }
    },
    {
      "CM_public_ip": {
        "value": "${oci_core_instance.cmvm.public_ip}"
      }
    },	
    {
      "Windows_2016_Platform_Image_for_CM": {
        "value": "${lookup(data.oci_core_images.windows.images[0], \"id\") }"
      }
    } 
  ],
  "data": [
    {
      "template_file": {
        "bs_json": {
          "vars": {
            "region": "${var.region}",
            "user": "${oci_identity_user.labUser.id}",
            "tenancy": "${var.tenancy_ocid}",
			"pp_passwd": "${var.private_key_passwd}",
			"db_connect_pwd": "${var.db_connect_pwd}",
			"access_pwd": "${var.access_pwd}",
			"db_admin_pwd": "${var.db_admin_pwd}",
			"db_user_pwd": "${var.opr_pwd}",
			"pia_gateway_user_pwd": "${var.pia_gateway_user_pwd}",
			"webserver_admin_user_pwd": "${var.webserver_admin_user_pwd}",
			"profile_user_pwd":"${var.profile_user_pwd}",
			"domain_conn_pwd": "${var.domain_conn_pwd}",
			"storage_volumeid" : "${oci_core_volume.cm_volume.id}"
          },
          "template": "${file(\"bootstrapproperties.json\")}"
        }
      }
    }
  ], 
  
  "locals": {
    "fqdn": "${local.cmvm_hostname}.${data.oci_core_subnet.cm.subnet_domain_name}"
  }
}
