{
  "locals": {
    "rt_name": "${local.nw_name}_rt",
    "ig_name": "${local.nw_name}_ig",
    "nw_dns_label": "${local.nw_name}",
    "nw_name": "labnet",
    "ng_name": "${local.nw_name}_ng",
    "subnets_are_private": 0,
    "vcn_create": 1,
    "vcn_ocid": "${oci_core_virtual_network.vcn.id}",
    "vcn_dhcp_ocid": "${lookup(local.vcn_obj, \"default_dhcp_options_id\")}",
    "vcn_seclist_ocid": "${lookup(local.vcn_obj,\"default_security_list_id\")}",
    "vcn_rt_ocid": "${lookup(local.vcn_obj, \"default_route_table_id\")}",
    "vcn_cidr": "10.0.0.0/16"
  },
  "resource": {
    "oci_core_virtual_network": {
      "vcn": {
        "count": "${local.vcn_create}",
        "cidr_block": "${local.vcn_cidr}",
        "compartment_id": "${oci_identity_compartment.labCompartment.id}",
        "display_name": "${local.nw_name}",
        "dns_label": "${local.nw_dns_label}"
      }
    },
    "oci_core_internet_gateway": {
      "ig": {
        "count": "${local.vcn_create && ! local.subnets_are_private ? 1:0  }",
        "compartment_id": "${oci_identity_compartment.labCompartment.id}",
        "display_name": "${local.ig_name}",
        "vcn_id": "${oci_core_virtual_network.vcn.id}"
      }
    },
	"oci_core_default_route_table": {
			"rt_ig": {
			    "count" : "${local.vcn_create && ! local.subnets_are_private ? 1:0}",
			    "manage_default_resource_id" : "${oci_core_virtual_network.vcn.default_route_table_id}",			
				"route_rules": {
					"cidr_block": "0.0.0.0/0",
					"network_entity_id": "${oci_core_internet_gateway.ig.id}"
				}
			}
	},
    "oci_core_default_route_table": {
      "rt_ng": {
        "count": "${local.vcn_create && local.subnets_are_private ? 1:0}",
        "manage_default_resource_id": "${oci_core_virtual_network.vcn.default_route_table_id}",
        "route_rules": {
          "cidr_block": "0.0.0.0/0",
          "network_entity_id": "${oci_core_nat_gateway.ng.id}"
        }
      }
    },
    "oci_core_nat_gateway": {
      "ng": {
        "count": "${local.vcn_create && local.subnets_are_private ? 1:0}",
        "compartment_id": "${oci_identity_compartment.labCompartment.id}",
        "display_name": "${local.ng_name}",
        "vcn_id": "${oci_core_virtual_network.vcn.id}"
      }
    }
  }
}
