{
  "resource": {
    "oci_core_security_list": {
      "cm_slist": {
        "ingress_security_rules": {
          "stateless": false,
          "source": "${local.vcn_cidr}",
          "protocol": "6"
        },
		"ingress_security_rules": {
          "stateless": false,
          "source": "${local.vcn_cidr}",
          "protocol": "17"
        },
		"ingress_security_rules": {
					"protocol": "6",
					"source": "0.0.0.0/0",
					"stateless": false,	
					"tcp_options":{
						"min" : "8000",
						"max" : "8000"
					}					
		},
		"ingress_security_rules": {
					"protocol": "6",
					"source": "0.0.0.0/0",
					"stateless": false,	
					"tcp_options":{
						"min" : "8443",
						"max" : "8443"
					}					
		},
		"ingress_security_rules": {
					"protocol": "6",
					"source": "0.0.0.0/0",
					"stateless": false,	
					"tcp_options":{
						"min" : "3389",
						"max" : "3389"
					}					
		},
        "egress_security_rules": {
          "destination": "0.0.0.0/0",
          "protocol": "all"
        },
        "display_name": "${local.sn_cm_seclist_name}",
        "vcn_id": "${local.vcn_ocid}",
        "compartment_id": "${oci_identity_compartment.labCompartment.id}",
        "count": 1
      }
    },
    "oci_core_subnet": {
      "cm": {
        "timeouts": {
          "create": "10m"
        },
        "security_list_ids": [
          "${local.vcn_seclist_ocid}",
          "${oci_core_security_list.cm_slist.id}"
        ],
        "prohibit_public_ip_on_vnic": "${local.subnets_are_private}",
        "dhcp_options_id": "${local.vcn_dhcp_ocid}",
        "count": "${local.cm_sn_create}",
        "cidr_block": "${local.sn_cm_cidr}",
        "display_name": "${local.sn_cm_name}",
        "dns_label": "${local.sn_cm_dns_label}",
        "compartment_id": "${oci_identity_compartment.labCompartment.id}",
        "vcn_id": "${local.vcn_ocid}",
        "route_table_id": "${local.vcn_rt_ocid}"
      } , 
	  "envs": {
        "timeouts": {
          "create": "10m"
        },
        "security_list_ids": [
          "${local.vcn_seclist_ocid}",
          "${oci_core_security_list.cm_slist.id}"
        ],
        "prohibit_public_ip_on_vnic": "${local.subnets_are_private}",
        "dhcp_options_id": "${local.vcn_dhcp_ocid}",
        "count": "${local.vcn_create}",
        "cidr_block": "${local.sn_envs_cidr}",
        "display_name": "${local.sn_envs_name}",
        "dns_label": "${local.sn_envs_dns_label}",
        "compartment_id": "${oci_identity_compartment.labCompartment.id}",
        "vcn_id": "${local.vcn_ocid}",
        "route_table_id": "${local.vcn_rt_ocid}"      
    }
	  
	}
  },
  
  "locals": {
    "sn_cm_name": "cm",
    "sn_cm_seclist_name": "${local.sn_cm_name}_sec",
    "sn_cm_dns_label": "${local.sn_cm_name}",
    "cm_sn_create": "${local.vcn_create}",
    "sn_cm_ad": "${local.ad_name}",
    "sn_cm_cidr": "10.0.6.0/24",
	
	"sn_envs_name": "envs",
    "sn_envs_dns_label": "${local.sn_envs_name}",
    "sn_envs_cidr": "10.0.7.0/24"
  }
}
